"Name","Team","G","AB","PA","H","1B","2B","3B","HR","R","RBI","BB","IBB","SO","HBP","SF","SH","GDP","SB","CS","AVG","playerid"
"Greg Allen","NYY","3","6","8","3","2","1","0","0","3","1","1","0","2","0","1","0","0","1","0",".500","16623"
"Jakson Reetz","WSN","2","2","2","1","0","1","0","0","1","0","0","0","0","0","0","0","0","0","0",".500","17837"
"Matt Vierling","PHI","6","7","7","3","3","0","0","0","1","0","0","0","3","0","0","0","0","1","0",".429","21558"
"Emmanuel Rivera","KCR","2","5","5","2","2","0","0","0","0","0","0","0","1","0","0","0","0","0","0",".400","19890"
"J.D. Davis","NYM","17","49","58","19","12","3","0","4","7","11","5","1","18","4","0","0","2","0","0",".388","16219"
"Travis Jankowski","PHI","33","48","60","18","14","3","0","1","13","7","9","1","8","0","0","2","1","4","0",".375","13768"
"Ketel Marte","ARI","37","135","148","50","33","13","0","4","24","21","12","1","21","0","1","0","3","1","0",".370","13613"
"Byron Buxton","MIN","27","103","110","38","17","11","0","10","21","19","4","0","25","3","0","0","0","5","0",".369","14161"
"Adalberto Mondesi","KCR","10","36","38","13","4","5","0","4","6","9","1","0","11","0","0","1","1","1","1",".361","13769"
"Jon Jay","LAA","5","14","14","5","5","0","0","0","2","1","0","0","2","0","0","0","0","0","0",".357","5227"
"Jake Burger","CHW","10","28","31","10","5","3","1","1","5","3","3","0","8","0","0","0","2","0","0",".357","22275"
"Robinson Chirinos","CHC","7","9","12","3","1","1","0","1","2","2","3","0","3","0","0","0","0","0","0",".333","3142"
"Mike Trout","LAA","36","117","146","39","22","8","1","8","23","18","27","5","41","2","0","0","0","2","0",".333","10155"
"Ivan Castillo","SDP","3","3","4","1","1","0","0","0","0","1","1","0","0","0","0","0","0","0","0",".333","15971"
"John Nogowski","- - -","29","60","65","20","16","4","0","0","9","8","4","0","8","1","0","0","2","0","0",".333","16852"
"JT Riddle","MIN","4","6","6","2","2","0","0","0","1","0","0","0","0","0","0","0","0","0","0",".333","17642"
"Ali Sanchez","STL","1","3","3","1","0","1","0","0","0","0","0","0","0","0","0","0","0","0","0",".333","18551"
"Estevan Florial","NYY","1","3","3","1","0","1","0","0","0","0","0","0","1","0","0","0","0","0","0",".333","19151"
"Alex De Goti","HOU","2","6","7","2","2","0","0","0","2","1","1","0","2","0","0","0","0","0","0",".333","19477"
"Joey Bart","SFG","2","6","6","2","2","0","0","0","1","1","0","0","2","0","0","0","0","0","0",".333","21524"
"Vladimir Guerrero Jr.","TOR","90","325","384","108","59","17","1","31","72","78","53","5","67","4","2","0","11","2","1",".332","19611"
"Santiago Espinal","TOR","52","115","123","38","29","7","1","1","17","10","8","0","19","0","0","0","1","2","1",".330","19997"
"Nick Castellanos","CIN","85","336","367","111","63","29","1","18","59","59","27","4","79","3","1","0","7","2","1",".330","11737"
"Buster Posey","SFG","58","201","233","66","46","8","0","12","35","28","31","4","44","1","0","0","10","0","0",".328","9166"
"Michael Brantley","HOU","72","291","314","95","63","24","2","6","44","32","19","0","35","3","1","0","8","0","0",".326","4106"
"Adam Frazier","PIT","92","362","402","118","83","27","4","4","53","31","33","1","43","6","1","0","5","5","4",".326","15223"
"Chris Owings","COL","21","43","50","14","6","4","3","1","9","5","7","1","15","0","0","0","0","2","1",".326","10030"
"Thairo Estrada","SFG","15","31","35","10","8","1","0","1","4","8","4","1","6","0","0","0","0","0","0",".323","16426"
"Rob Refsnyder","MIN","18","56","62","18","12","4","0","2","10","10","5","0","15","0","1","0","1","0","0",".321","13770"
"Xander Bogaerts","BOS","87","327","368","105","61","29","0","15","58","51","34","1","66","3","4","0","5","5","1",".321","12161"
"Nico Hoerner","CHC","30","106","118","34","26","8","0","0","10","10","11","2","15","0","1","0","2","3","1",".321","21479"
"Trea Turner","WSN","88","356","388","113","78","16","2","17","61","42","26","0","72","4","2","0","11","20","3",".317","16252"
"Jonathan Lucroy","- - -","7","19","23","6","5","1","0","0","2","3","3","0","4","0","0","1","0","0","0",".316","7870"
"Luis Robert","CHW","25","95","103","30","19","9","1","1","11","8","7","0","28","0","1","0","0","4","1",".316","20043"
"Tim Anderson","CHW","77","324","343","102","74","19","1","8","59","35","17","1","80","1","1","0","3","14","7",".315","15172"
"Jean Segura","PHI","65","251","276","79","58","14","3","4","35","27","18","1","42","4","2","1","9","6","1",".315","5933"
"Cedric Mullins II","BAL","91","351","394","110","66","25","3","16","51","35","34","1","74","5","3","0","1","16","5",".313","17929"
"David Fletcher","LAA","87","348","369","109","86","20","1","2","54","38","14","1","40","0","1","6","3","4","1",".313","17992"
"Yuli Gurriel","HOU","87","318","367","99","69","20","0","10","45","56","37","1","37","2","10","0","9","1","1",".311","19198"
"Brandon Nimmo","NYM","35","111","136","34","23","9","0","2","18","14","23","0","38","1","0","1","1","2","2",".306","12927"
"Nick Madrigal","CHW","54","200","215","61","45","10","4","2","30","21","11","0","17","3","1","0","3","1","2",".305","20521"
"Justin Turner","LAD","87","319","369","97","65","16","0","16","54","54","40","0","64","7","3","0","9","0","0",".304","5235"
"Nelson Cruz","MIN","81","282","329","85","54","12","1","18","42","47","34","6","58","5","5","0","10","3","0",".301","2434"
"Bryan Reynolds","PIT","90","329","378","99","61","21","0","17","54","53","44","3","76","4","1","0","8","3","1",".301","19326"
"Max Stassi","LAA","40","123","139","37","25","5","0","7","27","17","12","0","42","4","0","0","6","0","0",".301","10059"
"Luis Arraez","MIN","65","234","263","70","56","9","4","1","37","23","24","1","27","2","3","0","4","1","1",".299","18568"
"Teoscar Hernandez","TOR","71","281","303","84","56","16","0","12","39","51","21","1","74","0","1","0","3","7","3",".299","13066"
"Kolten Wong","MIL","55","205","225","61","38","15","1","7","34","21","13","1","36","6","1","0","0","6","4",".298","12532"
"Phil Gosselin","LAA","46","128","140","38","28","7","0","3","10","19","10","0","36","1","1","0","1","0","1",".297","10953"
"J.D. Martinez","BOS","87","334","378","99","54","23","3","19","62","63","39","2","87","1","4","0","12","0","0",".296","6184"
"Alcides Escobar","WSN","12","54","59","16","11","3","1","1","7","7","2","0","7","1","0","2","0","0","0",".296","6310"
"Yonathan Daza","COL","80","244","269","72","57","11","2","2","22","28","18","0","46","1","1","5","5","2","1",".295","15794"
"Juan Soto","WSN","82","285","347","84","59","10","1","14","59","48","60","7","55","0","2","0","14","5","5",".295","20123"
"Alejo Lopez","CIN","9","17","17","5","5","0","0","0","3","0","0","0","3","0","0","0","1","0","0",".294","21127"
"Omar Narvaez","MIL","73","222","261","65","45","12","0","8","34","27","30","2","46","6","3","0","6","0","0",".293","13338"
"Bo Bichette","TOR","90","369","397","108","73","18","1","16","73","60","24","0","84","3","1","0","7","12","0",".293","19612"
"Jesse Winker","CIN","85","332","375","97","60","17","1","19","59","50","37","1","65","6","0","0","12","1","0",".292","13590"
"Wilmer Difo","PIT","57","113","123","33","22","6","2","3","13","12","10","0","30","0","0","0","0","0","0",".292","14320"
"Fernando Tatis Jr.","SDP","77","285","328","83","37","18","0","28","73","64","39","5","90","0","4","0","3","22","2",".291","19709"
"Ramon Urias","BAL","40","115","127","33","24","5","0","4","14","18","10","0","29","2","0","0","1","0","1",".287","18795"
"Brandon Crawford","SFG","82","273","311","78","44","15","1","18","49","58","33","4","65","2","3","0","5","7","0",".286","5343"
"Adam Engel","CHW","15","49","54","14","7","2","0","5","10","12","1","0","9","3","1","0","2","2","1",".286","15082"
"Johneshwy Fargas","NYM","7","21","22","6","2","3","1","0","1","3","0","0","7","0","0","1","0","0","0",".286","16446"
"Derek Hill","DET","11","21","26","6","6","0","0","0","6","3","4","0","5","1","0","0","1","6","1",".286","16947"
"Tyler Stephenson","CIN","74","200","232","57","39","13","0","5","34","23","25","1","43","6","1","0","9","0","0",".285","17988"
"Matt Olson","OAK","89","323","377","92","46","23","0","23","60","60","44","3","61","5","5","0","7","3","1",".285","14344"
"Jose Iglesias","LAA","78","296","309","84","63","13","1","7","38","29","10","0","47","3","0","0","8","4","1",".284","10231"
"Garrett Cooper","MIA","71","215","250","61","41","10","1","9","30","33","30","0","68","4","1","0","6","1","1",".284","15279"
"Josh Harrison","WSN","80","282","317","80","58","16","1","5","32","34","22","0","48","11","1","0","4","5","2",".284","8202"
"Jonathan Schoop","DET","90","349","379","99","67","14","1","17","48","56","21","0","80","3","6","0","8","1","0",".284","11265"
"Starling Marte","MIA","57","208","245","59","41","10","1","7","49","22","29","2","54","6","1","1","2","19","3",".284","9241"
"Jake Cronenworth","SDP","94","353","401","100","62","21","4","13","64","40","35","2","58","5","1","3","5","4","2",".283","18036"
"Yordan Alvarez","HOU","78","293","326","83","50","16","1","16","53","56","24","2","90","7","2","0","9","1","0",".283","19556"
"Bryce Harper","PHI","71","258","300","73","42","16","0","15","49","34","37","4","71","4","1","0","7","8","0",".283","11579"
"Ronald Acuna Jr.","ATL","82","297","360","84","40","19","1","24","72","52","49","2","85","9","5","0","0","17","6",".283","18401"
"Starlin Castro","WSN","87","315","346","89","66","20","0","3","25","38","26","1","62","0","4","0","6","0","1",".283","4579"
"Aaron Judge","NYY","84","312","360","88","54","13","0","21","51","47","46","1","90","1","1","0","9","1","0",".282","15640"
"Raimel Tapia","COL","89","337","368","95","70","20","0","5","53","39","28","2","50","0","2","1","4","15","3",".282","14350"
"Steven Duggar","SFG","66","174","195","49","30","11","2","6","32","26","21","2","62","0","0","0","3","6","0",".282","17719"
"Freddie Freeman","ATL","91","341","402","96","61","14","0","21","64","54","57","9","72","2","2","0","7","5","2",".282","5361"
"Joey Wendle","TBR","78","260","287","73","43","22","1","7","47","34","18","3","64","7","2","0","5","6","5",".281","13853"
"Colin Moran","PIT","49","157","174","44","31","9","0","4","11","23","14","0","46","2","1","0","1","1","0",".280","16909"
"Harold Ramirez","CLE","59","193","208","54","34","13","1","6","24","23","9","1","31","4","2","0","5","2","0",".280","14387"
"A.J. Pollock","LAD","67","211","230","59","32","14","0","13","31","34","17","3","52","2","0","0","2","2","0",".280","9256"
"Evan Longoria","SFG","50","161","186","45","25","11","0","9","28","30","25","2","42","0","0","0","5","1","1",".280","9368"
"Austin Riley","ATL","91","319","368","89","58","15","1","15","43","45","37","2","93","7","5","0","7","0","1",".279","18360"
"Rafael Devers","BOS","90","337","380","94","45","26","1","22","60","72","35","4","90","5","3","0","6","3","5",".279","17350"
"Salvador Perez","KCR","92","359","375","100","63","16","0","21","41","56","9","2","99","6","1","0","9","0","0",".279","7304"
"Carlos Correa","HOU","85","316","368","88","52","20","0","16","61","52","47","2","68","3","2","0","10","0","0",".278","14162"
"Aledmys Diaz","HOU","34","115","126","32","20","9","0","3","14","18","5","2","19","6","0","0","3","0","1",".278","15937"
"Matt Duffy","CHC","38","90","106","25","20","4","0","1","16","12","11","0","18","4","1","0","7","3","0",".278","13836"
"Harold Castro","DET","52","162","177","45","41","3","0","1","16","19","12","0","40","0","0","3","3","0","1",".278","14691"
"Tres Barrera","WSN","7","18","20","5","4","0","1","0","3","3","1","1","7","1","0","0","2","0","0",".278","19977"
"Rafael Marchan","PHI","8","18","19","5","4","1","0","0","2","0","1","0","6","0","0","0","1","0","0",".278","21646"
"Jared Walsh","LAA","90","339","369","94","49","22","1","22","47","66","26","4","103","3","1","0","7","2","1",".277","18607"
"Shohei Ohtani","LAA","90","314","358","87","30","19","4","34","66","74","40","5","105","3","1","0","4","12","4",".277","19755"
"Luke Williams","PHI","31","65","70","18","13","4","0","1","6","4","5","0","14","0","0","0","1","1","1",".277","19931"
"Tyler O'Neill","STL","71","242","265","67","34","17","0","16","39","38","15","0","80","6","2","0","4","7","3",".277","15711"
"Marcus Semien","TOR","90","365","406","101","55","22","1","23","70","58","38","0","96","1","2","0","5","10","1",".277","12533"
"Manny Machado","SDP","88","315","367","87","53","16","2","16","58","65","44","5","61","1","7","0","7","9","2",".276","11493"
"J.P. Crawford","SEA","93","344","379","95","68","22","0","5","48","31","32","0","61","1","2","0","7","3","3",".276","15491"
"Luis Guillorme","NYM","45","87","107","24","22","2","0","0","8","1","19","2","15","0","0","1","0","0","2",".276","16451"
"Akil Baddoo","DET","73","218","247","60","35","14","5","6","31","31","27","1","71","0","2","0","1","14","3",".275","22168"
"Alex Bregman","HOU","59","229","262","63","42","14","0","7","37","34","29","4","42","2","2","0","11","1","0",".275","17678"
"Jesus Aguilar","MIA","90","309","349","85","53","15","0","17","31","68","29","3","63","3","7","0","6","0","0",".275","11342"
"Gio Urshela","NYY","78","295","314","81","55","14","1","11","30","38","17","0","78","1","1","0","11","1","0",".275","10681"
"Ty France","SEA","84","306","351","84","55","20","0","9","42","41","26","1","61","15","4","0","5","0","0",".275","17982"
"Donovan Solano","SFG","63","215","237","59","45","11","0","3","24","21","16","0","42","2","4","0","6","1","0",".274","8623"
"J.T. Realmuto","PHI","73","248","289","68","44","13","2","9","34","38","33","2","67","6","2","0","1","5","3",".274","11739"
"Nicky Lopez","KCR","84","241","280","66","54","9","3","0","39","19","31","0","37","1","2","5","4","8","0",".274","19339"
"Andrew Benintendi","KCR","69","256","278","70","51","8","1","10","34","35","19","0","53","1","2","0","2","7","7",".273","17901"
"Max Muncy","LAD","81","271","335","74","37","15","1","21","57","57","59","4","59","5","0","0","4","1","0",".273","13301"
"Eric Hosmer","SDP","87","308","339","84","63","13","0","8","33","47","25","1","53","4","1","1","9","5","2",".273","3516"
"Jose Altuve","HOU","81","330","381","90","60","10","0","20","66","55","43","2","60","2","6","0","6","4","1",".273","5417"
"Eric Campbell","SEA","4","11","12","3","3","0","0","0","1","0","1","0","1","0","0","0","0","0","0",".273","6938"
"Ryan Lavarnway","CLE","4","11","12","3","2","1","0","0","1","0","1","0","4","0","0","0","0","0","0",".273","8879"
"Andy Burns","LAD","9","11","15","3","2","1","0","0","2","0","3","0","1","1","0","0","1","0","0",".273","12779"
"Patrick Mazeika","NYM","16","22","24","6","5","0","0","1","1","4","1","0","3","1","0","0","0","0","0",".273","18142"
"Connor Wong","BOS","4","11","11","3","2","1","0","0","2","0","0","0","7","0","0","0","0","0","0",".273","19896"
"Chris Taylor","LAD","89","305","357","83","54","15","3","11","64","49","44","1","93","7","1","0","4","8","1",".272","13757"
"Yoan Moncada","CHW","81","283","347","77","54","16","1","6","40","41","57","0","86","5","2","0","2","2","1",".272","17232"
"Whit Merrifield","KCR","92","364","403","99","68","21","2","8","52","51","27","1","54","3","9","0","8","24","1",".272","11281"
"Alex Verdugo","BOS","86","331","367","90","62","18","1","9","55","36","31","2","51","3","2","0","8","5","1",".272","17027"
"Jonathan India","CIN","82","269","330","73","52","12","2","7","43","36","43","1","74","14","3","1","9","7","3",".271","21523"
"Tommy Pham","SDP","92","295","353","80","55","13","2","10","55","33","51","0","76","4","3","0","7","13","6",".271","2967"
"Hanser Alberto","KCR","66","155","162","42","25","14","2","1","18","11","2","0","17","2","1","2","1","1","1",".271","11902"
"Christian Arroyo","BOS","50","155","170","42","24","12","0","6","21","25","7","0","41","6","0","1","1","1","0",".271","16434"
"Paul Goldschmidt","STL","91","347","386","94","63","15","1","15","50","52","36","0","77","2","1","0","8","5","0",".271","9218"
"Yermin Mercedes","CHW","68","240","262","65","48","9","1","7","26","37","20","1","46","1","1","0","7","0","1",".271","17423"
"Mookie Betts","LAD","81","314","373","85","43","25","3","14","63","40","47","2","60","8","4","0","3","7","3",".271","13611"
"Kyle Tucker","HOU","82","303","336","82","45","21","1","15","49","50","27","2","55","1","4","0","5","8","1",".271","18345"
"Trent Grisham","SDP","67","248","283","67","40","14","2","11","37","38","32","0","65","2","1","0","7","9","2",".270","18564"
"Tucker Barnhart","CIN","70","211","237","57","36","17","0","4","30","29","21","0","69","4","1","0","4","0","0",".270","10200"
"Reese McGuire","TOR","43","115","123","31","22","8","0","1","15","6","6","0","25","1","0","1","2","0","0",".270","15674"
"John Hicks","TEX","8","26","26","7","3","0","0","4","6","6","0","0","7","0","0","0","1","0","0",".269","12547"
"DJ LeMahieu","NYY","88","353","399","95","76","12","0","7","47","37","42","1","61","2","2","0","7","3","0",".269","9874"
"Josh Reddick","ARI","44","134","141","36","24","11","0","1","12","17","6","0","28","0","1","0","3","0","0",".269","3892"
"Miguel Rojas","MIA","72","268","292","72","47","19","2","4","36","25","20","0","43","4","0","0","4","6","1",".269","7802"
"Jordy Mercer","WSN","35","82","87","22","16","5","0","1","9","2","5","0","22","0","0","0","0","0","0",".268","6547"
"Kris Bryant","CHC","84","302","341","81","45","19","1","16","52","47","33","1","82","5","1","0","6","4","2",".268","15429"
"Charlie Blackmon","COL","87","295","340","79","59","13","2","5","37","43","36","1","44","8","1","0","4","1","0",".268","7859"
"Jed Lowrie","OAK","89","310","343","83","54","18","0","11","42","45","33","1","69","0","0","0","6","0","0",".268","4418"
"Max Schrock","CIN","12","30","31","8","3","3","1","1","3","3","1","0","8","0","0","0","0","0","0",".267","17750"
"Yan Gomes","WSN","61","214","231","57","37","11","1","8","29","33","13","3","46","4","0","0","12","0","0",".266","9627"
"Franmil Reyes","CLE","50","184","201","49","22","10","2","15","27","40","15","2","63","1","1","0","7","2","0",".266","14566"
"Ke'Bryan Hayes","PIT","40","139","159","37","23","9","1","4","20","18","18","0","31","1","1","0","5","2","1",".266","18577"
"Mitch Haniger","SEA","89","350","385","93","53","17","1","22","65","58","26","0","88","5","4","0","7","0","0",".266","14274"
"Nick Maton","PHI","47","113","126","30","20","7","1","2","15","13","9","0","38","2","1","1","0","2","0",".265","21635"
"Corey Seager","LAD","37","147","169","39","26","7","2","4","20","22","19","1","29","3","0","0","4","1","0",".265","13624"
"Jesus Sanchez","MIA","23","83","89","22","15","3","1","3","6","9","5","1","24","1","0","0","0","0","0",".265","19913"
"Willy Adames","- - -","92","317","353","84","45","22","1","16","49","52","36","0","103","0","0","0","4","3","4",".265","15986"
"Amed Rosario","CLE","83","306","327","81","61","11","4","5","41","26","18","0","65","2","1","0","9","9","0",".265","15518"
"Will Smith","LAD","76","238","285","63","38","13","1","11","39","39","33","2","56","9","5","0","9","2","0",".265","19197"
"Kyle Isbel","KCR","12","34","36","9","8","0","1","0","5","3","2","0","15","0","0","0","0","1","0",".265","21614"
"Darin Ruf","SFG","62","121","149","32","15","7","0","10","27","23","25","2","39","2","1","0","6","1","0",".264","9929"
"Jeimer Candelario","DET","84","314","354","83","56","21","0","6","39","27","38","1","83","2","0","0","6","0","0",".264","13621"
"Lourdes Gurriel Jr.","TOR","82","303","323","80","52","17","0","11","35","41","13","0","64","1","5","1","7","1","2",".264","19238"
"Patrick Wisdom","CHC","46","125","134","33","16","4","0","13","22","24","8","0","53","1","0","0","1","2","1",".264","13602"
"Corey Dickerson","MIA","63","205","225","54","37","12","3","2","27","14","16","0","45","3","1","0","5","2","4",".263","10762"
"Brian Goodwin","CHW","27","99","112","26","13","8","1","4","17","15","12","0","26","0","0","1","0","0","0",".263","12858"
"Adolis Garcia","TEX","83","320","342","84","50","10","2","22","43","62","16","0","104","4","2","0","6","8","4",".263","19287"
"Ronald Torreyes","PHI","47","141","148","37","27","7","0","3","14","21","5","0","18","1","0","1","3","1","1",".262","11400"
"Myles Straw","HOU","89","298","342","78","63","12","1","2","40","31","37","0","64","2","4","1","7","13","5",".262","17620"
"Nick Gordon","MIN","25","65","69","17","13","2","1","1","7","4","3","0","19","1","0","0","2","5","0",".262","16337"
"Pavin Smith","ARI","90","325","354","85","57","18","3","7","41","29","26","1","67","2","1","0","8","1","0",".262","19892"
"Josh Rojas","ARI","90","306","352","80","48","21","1","10","47","28","41","0","90","0","1","0","3","6","2",".261","19734"
"Hunter Renfroe","BOS","82","291","323","76","47","16","0","13","47","48","26","0","69","1","5","0","6","0","2",".261","15464"
"Randal Grichuk","TOR","88","337","353","88","53","16","1","18","41","62","12","0","78","2","2","0","13","0","3",".261","10243"
"Ozzie Albies","ATL","90","349","385","91","44","27","5","15","55","63","30","1","70","3","3","0","1","13","2",".261","16556"
"Matt Beaty","LAD","76","142","162","37","29","3","1","4","25","29","12","0","30","8","0","0","2","1","1",".261","17710"
"Tomas Nido","NYM","37","96","103","25","19","2","1","3","13","12","4","1","26","3","0","0","2","0","0",".260","13755"
"Carson Kelly","ARI","50","150","187","39","25","6","0","8","22","26","28","1","38","5","4","0","5","0","0",".260","13620"
"Brendan Rodgers","COL","44","147","164","38","26","6","1","5","14","20","11","0","31","5","1","0","2","0","0",".259","17907"
"Wil Myers","SDP","85","267","303","69","43","13","1","12","31","44","33","2","84","0","3","0","6","5","5",".258","10047"
"Kole Calhoun","ARI","18","62","65","16","11","3","0","2","6","6","3","0","14","0","0","0","2","1","0",".258","11200"
"Isiah Kiner-Falefa","TEX","93","372","395","96","71","17","2","6","45","30","13","1","63","7","2","1","6","15","2",".258","16512"
"Nolan Arenado","STL","91","349","380","90","46","26","1","17","43","56","26","4","50","2","3","0","11","1","0",".258","9777"
"Giancarlo Stanton","NYY","72","264","303","68","44","9","0","15","30","43","37","1","85","1","1","0","13","0","0",".258","4949"
"Leury Garcia","CHW","75","241","278","62","46","10","3","3","37","39","27","0","64","1","3","6","5","2","1",".257","5913"
"Jeff McNeil","NYM","57","175","199","45","37","5","0","3","22","15","18","0","26","6","0","0","3","1","0",".257","15362"
"Nate Lowe","TEX","91","323","379","83","60","10","1","12","40","43","52","0","100","2","2","0","10","4","0",".257","19566"
"Avisail Garcia","MIL","83","296","325","76","48","11","0","17","39","57","21","3","84","6","2","0","8","4","3",".257","5760"
"Jose Ramirez","CLE","85","304","348","78","40","18","1","19","61","52","35","6","47","6","3","0","10","8","2",".257","13510"
"Ryan McMahon","COL","89","312","346","80","45","18","1","16","53","48","29","2","92","1","4","0","6","4","1",".256","15112"
"Christian Vazquez","BOS","82","285","309","73","55","14","0","4","33","34","19","0","59","2","3","0","6","8","1",".256","9774"
"Alex Kirilloff","MIN","57","211","227","54","34","11","1","8","23","34","14","2","51","1","1","0","3","1","1",".256","20325"
"Mark Canha","OAK","76","278","334","71","44","12","4","11","55","33","40","0","69","15","1","0","6","7","1",".255","11445"
"Trey Mancini","BAL","89","337","376","86","51","18","1","16","50","57","33","1","86","5","1","0","12","0","0",".255","15149"
"Tommy Edman","STL","91","369","394","94","66","20","3","5","47","26","20","0","49","3","1","1","2","16","3",".255","19470"
"Eddie Rosario","CLE","78","283","306","72","49","15","1","7","29","46","17","0","47","1","3","2","3","9","2",".254","12155"
"Pete Alonso","NYM","81","283","322","72","43","12","0","17","40","49","31","2","66","5","3","0","9","1","0",".254","19251"
"Dominic Smith","NYM","87","291","324","74","52","13","0","9","34","38","23","2","77","7","3","0","10","2","1",".254","15653"
"Jace Peterson","MIL","46","122","151","31","20","6","1","4","23","21","26","0","32","1","2","0","0","6","0",".254","12325"
"Willians Astudillo","MIN","41","122","127","31","23","4","0","4","10","12","2","0","10","2","1","0","5","0","0",".254","15608"
"Willie Calhoun","TEX","59","205","226","52","37","8","2","5","23","19","19","0","27","2","0","0","3","0","2",".254","17838"
"Yandy Diaz","TBR","79","276","331","70","55","10","0","5","37","32","52","2","50","2","1","0","3","0","0",".254","16578"
"Miguel Andujar","NYY","45","154","162","39","31","2","0","6","19","12","7","0","28","0","1","0","8","0","1",".253","15878"
"Josh Naylor","CLE","69","233","250","59","39","13","0","7","28","21","14","1","45","2","0","0","7","1","0",".253","18839"
"Brandon Belt","SFG","55","170","201","43","23","7","2","11","30","28","28","0","65","2","1","0","4","3","1",".253","10264"
"Kyle Schwarber","WSN","72","265","303","67","33","9","0","25","42","53","31","1","88","5","2","0","4","1","1",".253","16478"
"Guillermo Heredia","ATL","62","198","225","50","25","21","0","4","31","20","20","2","56","6","1","0","5","0","0",".253","18721"
"Nick Senzel","CIN","36","111","124","28","23","4","0","1","18","8","12","0","16","0","1","0","3","2","5",".252","19293"
"Josh Donaldson","MIN","72","238","285","60","32","14","0","14","40","37","40","1","56","1","6","0","12","0","0",".252","5038"
"Ehire Adrianza","ATL","68","127","148","32","20","6","2","4","21","23","16","0","27","1","3","1","4","0","0",".252","8418"
"Manuel Margot","TBR","76","270","290","68","47","10","2","9","32","44","18","1","44","0","2","0","1","9","4",".252","14712"
"Jose Abreu","CHW","86","318","369","80","48","15","1","16","46","69","33","0","87","11","7","0","14","1","0",".252","15676"
"Jorge Polanco","MIN","85","322","359","81","50","18","1","12","49","43","29","0","53","4","4","0","1","7","4",".252","13152"
"Wilmer Flores","SFG","81","231","262","58","39","9","1","9","35","30","27","0","35","2","2","0","8","1","0",".251","5827"
"Jazz Chisholm","MIA","71","263","291","66","42","10","3","11","38","34","23","0","90","3","1","1","2","11","6",".251","20454"
"David Peralta","ARI","88","307","341","77","49","18","6","4","32","41","32","2","53","2","0","0","7","1","1",".251","2136"
"Dylan Carlson","STL","91","335","383","84","57","17","3","7","46","31","38","1","96","6","4","0","3","0","0",".251","20126"
"Dexter Fowler","LAA","7","20","21","5","5","0","0","0","3","1","1","0","6","0","0","0","0","1","0",".250","4062"
"Ji-Man Choi","TBR","39","120","144","30","20","6","0","4","16","20","22","0","39","2","0","0","1","0","0",".250","5452"
"Yadier Molina","STL","71","256","275","64","42","14","0","8","26","40","16","1","47","1","2","0","6","2","0",".250","7007"
"Josh Bell","WSN","76","260","285","65","39","14","0","12","41","43","23","1","62","1","1","0","8","0","0",".250","13145"
"Patrick Kivlehan","SDP","5","4","8","1","1","0","0","0","3","2","2","0","3","1","1","0","0","0","0",".250","13910"
"Derek Fisher","MIL","4","8","8","2","1","0","1","0","1","1","0","0","1","0","0","0","0","0","0",".250","16192"
"Braden Bishop","SEA","8","4","5","1","1","0","0","0","1","0","0","0","2","0","0","1","0","0","0",".250","17806"
"Brian Anderson","MIA","36","124","136","31","22","6","0","3","13","11","12","1","36","0","0","0","1","3","0",".250","18289"
"Ryan Mountcastle","BAL","86","312","339","78","49","14","1","14","40","50","20","0","97","3","4","0","6","3","2",".250","18373"
"Josh Palacios","TOR","10","28","35","7","7","0","0","0","7","4","3","0","7","2","1","1","0","0","0",".250","19818"
"Jonathan Arauz","BOS","4","8","10","2","1","1","0","0","2","1","2","0","3","0","0","0","1","0","0",".250","20275"
"Luis Gonzalez","CHW","6","8","11","2","0","2","0","0","2","0","3","0","2","0","0","0","1","0","0",".250","20332"
"Freddy Galvis","BAL","72","249","274","62","40","12","1","9","36","26","18","1","58","3","1","2","5","1","0",".249","6609"
"Joey Votto","CIN","64","229","262","57","35","10","1","11","27","40","31","1","63","2","0","0","5","1","0",".249","4314"
"Eduardo Escobar","ARI","91","342","368","85","50","12","2","21","48","62","25","1","79","0","1","0","1","1","0",".249","6153"
"Edmundo Sosa","STL","60","149","168","37","30","4","1","2","19","8","7","1","28","10","0","1","3","3","4",".248","17022"
"Garrett Hampson","COL","87","290","315","72","44","17","5","6","42","21","19","1","75","2","2","2","4","13","3",".248","19262"
"C.J. Cron","COL","77","242","287","60","34","12","1","13","36","39","34","0","63","9","2","0","4","0","0",".248","12546"
"Brad Miller","PHI","75","162","183","40","26","4","1","9","28","25","21","2","61","0","0","0","4","3","0",".247","12775"
"Austin Hays","BAL","62","227","250","56","34","11","2","9","38","31","16","0","50","4","1","2","5","1","0",".247","19363"
"Justin Upton","LAA","63","223","256","55","31","10","0","14","40","32","30","0","74","1","2","0","7","3","1",".247","5222"
"Francisco Mejia","TBR","48","142","158","35","22","10","0","3","14","14","8","0","30","6","1","1","3","0","0",".246","16403"
"Chas McCormick","HOU","57","142","164","35","18","7","0","10","29","35","13","0","51","3","6","0","3","2","1",".246","19599"
"Rafael Ortega","CHC","36","69","76","17","11","4","0","2","7","6","5","0","18","1","0","1","1","2","3",".246","10323"
"Kevin Plawecki","BOS","28","65","72","16","12","3","0","1","7","3","5","0","12","1","0","1","2","0","0",".246","13807"
"Kyle Lewis","SEA","36","130","147","32","23","4","0","5","15","11","16","0","37","1","0","0","1","2","0",".246","19508"
"Luis Urias","MIL","89","301","346","74","44","16","1","13","47","45","36","2","78","6","2","0","5","5","0",".246","16622"
"Anthony Rizzo","CHC","82","285","332","70","42","14","3","11","33","34","32","2","54","12","3","0","11","4","2",".246","3473"
"Eric Sogard","CHC","75","163","174","40","33","5","1","1","16","11","9","1","30","0","2","0","5","3","1",".245","7927"
"Andrew Vaughn","CHW","78","253","284","62","34","18","0","10","38","26","22","0","69","4","5","0","6","1","1",".245","26197"
"Trevor Larnach","MIN","57","192","221","47","31","9","0","7","25","21","22","0","70","6","1","0","3","1","0",".245","21501"
"Michael A. Taylor","KCR","83","278","304","68","52","7","1","8","37","32","22","0","93","3","1","0","6","6","3",".245","11489"
"Randy Arozarena","TBR","85","323","366","79","53","15","1","10","52","41","35","2","99","6","2","0","8","11","6",".245","19290"
"Gavin Sheets","CHW","14","45","53","11","3","4","0","4","7","11","7","0","10","0","1","0","1","0","0",".244","19901"
"Tyler Naquin","CIN","82","262","292","64","39","12","0","13","31","51","22","1","72","5","3","0","5","4","2",".244","13359"
"Javier Baez","CHC","82","303","327","74","43","8","2","21","44","59","14","1","121","6","3","0","5","12","2",".244","12979"
"Ben Gamel","- - -","66","172","197","42","24","11","1","6","22","14","22","0","51","0","2","1","2","0","2",".244","12160"
"Charlie Culberson","TEX","58","164","181","40","24","11","2","3","17","16","13","1","45","1","0","3","2","4","0",".244","3298"
"LaMonte Wade Jr.","SFG","42","123","142","30","17","4","1","8","19","20","14","0","29","3","1","1","2","2","0",".244","18126"
"Alan Trejo","COL","26","41","45","10","7","2","0","1","7","3","3","1","12","0","1","0","2","0","0",".244","20056"
"Jose Devers","MIA","21","41","46","10","7","3","0","0","7","5","3","0","11","1","1","0","0","0","0",".244","20540"
"Kevin Kiermaier","TBR","66","201","218","49","34","12","1","2","26","20","15","1","62","2","0","0","2","7","1",".244","11038"
"Christian Yelich","MIL","62","201","254","49","34","8","1","6","43","27","49","4","69","3","1","0","3","7","1",".244","11477"
"Harrison Bader","STL","34","115","130","28","18","4","0","6","12","17","13","5","20","1","1","0","2","5","2",".243","18030"
"Alec Bohm","PHI","85","300","329","73","55","12","0","6","38","41","24","0","86","1","4","0","12","4","0",".243","21618"
"Tony Kemp","OAK","73","185","233","45","29","10","2","4","28","18","36","0","39","4","4","4","1","4","1",".243","14894"
"Tyrone Taylor","MIL","60","144","164","35","23","4","1","7","18","26","12","0","40","7","1","0","3","5","1",".243","13675"
"Albert Pujols","- - -","66","202","215","49","34","2","0","13","22","35","8","2","30","4","1","0","9","1","0",".243","1177"
"Trevor Story","COL","80","297","336","72","41","18","2","11","42","43","30","2","78","4","5","0","4","17","4",".242","12564"
"Edward Olivares","KCR","11","33","34","8","7","0","0","1","4","2","0","0","9","1","0","0","1","1","0",".242","19698"
"Carlos Santana","KCR","92","322","389","78","53","10","0","15","48","51","60","3","59","3","4","0","5","2","0",".242","2396"
"James McCann","NYM","77","240","266","58","43","8","0","7","19","29","23","0","80","2","1","0","8","0","0",".242","12859"
"Mike Moustakas","CIN","28","87","104","21","12","5","0","4","15","13","12","0","18","2","3","0","4","0","0",".241","4892"
"Odubel Herrera","PHI","62","228","251","55","34","14","1","6","33","25","14","0","45","4","4","0","2","4","0",".241","11476"
"Jarrod Dyson","KCR","53","83","90","20","13","5","2","0","9","7","5","0","21","0","0","2","0","6","1",".241","4866"
"Yadiel Hernandez","WSN","53","83","92","20","17","1","0","2","9","4","7","0","25","1","1","0","3","2","0",".241","19334"
"Luke Voit","NYY","29","108","122","26","19","3","1","3","13","11","11","0","36","3","0","0","3","0","0",".241","14811"
"Bradley Zimmer","CLE","40","108","131","26","22","1","1","2","15","15","15","0","46","8","0","0","0","6","1",".241","16221"
"Connor Joe","COL","26","54","63","13","11","2","0","0","4","6","9","0","13","0","0","0","1","0","0",".241","16572"
"Zach McKinstry","LAD","48","133","147","32","18","7","0","7","19","29","10","1","41","1","2","1","3","1","1",".241","19392"
"Ryan Zimmerman","WSN","63","158","165","38","21","7","0","10","17","27","7","0","43","0","0","0","2","0","0",".241","4220"
"Gleyber Torres","NYY","80","287","328","69","54","10","0","5","28","32","39","0","65","0","1","1","6","6","2",".240","16997"
"Willson Contreras","CHC","83","275","324","66","42","10","0","14","38","33","38","1","89","9","2","0","8","3","4",".240","11609"
"Taylor Ward","LAA","61","200","227","48","26","14","0","8","31","31","18","0","55","6","1","2","4","1","1",".240","17548"
"Austin Meadows","TBR","87","321","372","77","37","23","1","16","52","63","41","3","86","5","5","0","4","3","0",".240","15672"
"Mike Yastrzemski","SFG","74","267","309","64","28","20","2","14","46","38","34","3","66","7","1","0","1","1","0",".240","14854"
"Anthony Rendon","LAA","58","217","249","52","33","13","0","6","24","34","29","2","41","1","2","0","11","0","0",".240","12861"
"Asdrubal Cabrera","ARI","63","192","223","46","28","13","0","5","25","28","26","1","47","2","3","0","3","1","0",".240","4962"
"Jake Rogers","DET","38","113","127","27","13","5","3","6","17","17","11","0","46","0","0","3","0","1","0",".239","19452"
"Joshua Fuentes","COL","83","243","255","58","39","11","1","7","27","32","11","1","61","0","1","0","5","0","0",".239","16885"
"Miguel Cabrera","DET","71","264","288","63","50","6","0","7","28","34","19","0","76","3","2","0","8","0","0",".239","1744"
"Dansby Swanson","ATL","92","344","377","82","43","21","2","16","41","42","26","4","103","3","3","1","7","6","3",".238","18314"
"Rene Rivera","- - -","23","63","71","15","10","3","0","2","6","9","4","0","27","1","0","3","3","0","0",".238","3648"
"Jacob Stallings","PIT","69","227","256","54","30","15","1","8","23","40","27","0","52","2","0","0","5","0","0",".238","13723"
"Magneuris Sierra","MIA","72","118","128","28","25","3","0","0","17","0","10","4","27","0","0","0","1","5","0",".237","17023"
"Joc Pederson","- - -","76","266","298","63","37","12","2","12","36","43","23","0","74","5","4","0","5","2","3",".237","11899"
"Grayson Greiner","DET","14","38","39","9","7","1","0","1","1","5","1","0","16","0","0","0","0","0","0",".237","17062"
"Jake Fraley","SEA","40","114","149","27","18","2","0","7","18","23","33","1","38","1","1","0","2","7","1",".237","19260"
"Eric Haase","DET","46","165","177","39","19","6","1","13","26","27","10","0","58","2","0","0","5","1","0",".236","14111"
"Christian Walker","ARI","58","208","227","49","33","11","1","4","27","21","15","0","51","3","1","0","5","0","0",".236","13419"
"Mitch Moreland","OAK","60","170","187","40","26","7","0","7","20","24","13","0","49","1","3","0","2","0","0",".235","3086"
"Tommy La Stella","SFG","25","68","75","16","11","3","1","1","8","5","6","0","10","0","0","0","0","0","0",".235","12371"
"Chadwick Tromp","SFG","8","17","17","4","3","0","0","1","1","2","0","0","4","0","0","0","1","0","0",".235","16953"
"Joey Gallo","TEX","87","285","360","67","36","6","1","24","53","52","72","4","112","3","0","0","3","6","0",".235","14128"
"Ramon Laureano","OAK","74","285","319","67","38","14","2","13","39","31","25","0","80","8","1","0","4","11","4",".235","17128"
"Mauricio Dubon","SFG","66","158","169","37","25","7","0","5","18","20","8","2","38","1","2","0","4","2","1",".234","16530"
"Adam Duvall","MIA","82","278","301","65","35","9","1","20","38","64","19","0","92","1","3","0","4","5","0",".234","10950"
"Elvis Andrus","OAK","92","321","343","75","53","19","1","2","33","21","18","2","59","1","3","0","6","8","2",".234","8709"
"Rhys Hoskins","PHI","91","339","382","79","35","24","0","20","51","56","37","0","98","4","2","0","7","2","0",".233","16472"
"Andrew Stevenson","WSN","55","99","111","23","19","2","0","2","15","11","6","0","33","3","1","2","3","1","1",".232","17932"
"Kyle Garlick","MIN","36","99","107","23","10","8","0","5","17","10","6","0","32","1","1","0","2","1","0",".232","18063"
"Pedro Severino","BAL","63","207","232","48","34","9","0","5","21","19","24","1","55","0","1","0","6","0","0",".232","14523"
"Jonah Heim","TEX","47","138","149","32","19","9","0","4","13","15","9","0","26","0","1","1","7","2","1",".232","16930"
"Erik Gonzalez","PIT","71","220","229","51","41","7","1","2","17","21","8","0","40","0","1","0","4","2","2",".232","13369"
"Andrelton Simmons","MIN","73","242","269","56","44","9","0","3","31","18","22","0","44","2","0","3","7","0","0",".231","10847"
"Enrique Hernandez","BOS","78","290","328","67","35","20","1","11","43","30","28","0","69","7","3","0","3","1","0",".231","10472"
"Travis Blankenhorn","- - -","14","13","14","3","0","2","0","1","4","4","1","0","3","0","0","0","0","0","0",".231","18395"
"Taylor Walls","TBR","36","104","121","24","13","10","0","1","10","12","16","0","33","0","0","1","2","3","2",".231","22458"
"Jurickson Profar","SDP","88","243","286","56","42","11","1","2","34","21","37","1","46","2","2","1","8","10","2",".230","10815"
"Jose Trevino","TEX","54","165","174","38","31","4","0","3","14","17","4","0","35","0","3","2","9","0","1",".230","16725"
"Nick Solak","TEX","89","327","362","75","52","12","2","9","42","34","19","0","87","13","2","1","9","4","3",".229","19294"
"Andrew McCutchen","PHI","86","288","353","66","38","11","1","16","48","51","55","1","78","3","7","0","7","6","1",".229","9847"
"Jonathan Villar","NYM","71","214","240","49","29","10","1","9","33","19","23","2","58","2","0","1","3","8","4",".229","10071"
"Anthony Santander","BAL","60","219","239","50","29","15","0","6","23","24","14","0","59","2","3","1","7","0","1",".228","14551"
"Francisco Lindor","NYM","88","311","364","71","48","11","1","11","49","36","41","2","61","5","2","5","5","8","2",".228","12916"
"Webster Rivas","SDP","20","57","65","13","9","2","0","2","6","4","7","0","12","0","0","1","6","0","0",".228","14636"
"Bobby Bradley","CLE","34","114","131","26","11","5","0","10","23","20","14","0","43","3","0","0","3","0","0",".228","17278"
"Stephen Vogt","- - -","53","136","155","31","19","6","1","5","19","18","18","1","37","0","0","1","2","0","0",".228","5000"
"Alex Dickerson","SFG","68","176","194","40","25","6","1","8","21","24","14","0","47","4","0","0","4","1","0",".227","12649"
"Zack Collins","CHW","49","132","153","30","16","10","0","4","18","22","19","0","50","1","0","1","1","1","1",".227","19181"
"Andy Young","ARI","36","44","53","10","2","3","0","5","10","10","4","0","25","5","0","0","1","0","0",".227","19521"
"Gavin Lux","LAD","82","278","313","63","44","10","3","6","39","37","31","1","74","2","2","0","2","3","1",".227","19955"
"Juan Lagares","LAA","60","190","199","43","24","16","1","2","26","24","6","0","39","1","1","1","5","1","0",".226","5384"
"Abraham Toro","HOU","30","93","104","21","16","1","0","4","15","17","8","0","16","2","1","0","1","3","1",".226","19844"
"Cavan Biggio","TOR","66","213","255","48","31","10","1","6","25","24","35","2","68","1","4","1","4","3","1",".225","19252"
"Jake Marisnick","CHC","57","111","124","25","13","4","3","5","16","20","8","0","39","3","2","0","2","3","1",".225","11339"
"Robbie Grossman","DET","89","320","392","72","45","12","2","13","46","43","61","1","92","4","5","2","3","11","4",".225","5254"
"Oscar Mercado","CLE","15","40","44","9","5","2","1","1","6","4","4","0","11","0","0","0","0","2","0",".225","16375"
"Alejandro Kirk","TOR","17","40","46","9","5","1","0","3","7","8","5","0","6","1","0","0","3","0","0",".225","22581"
"Kyle Farmer","CIN","87","249","279","56","40","9","0","7","28","29","13","1","50","13","3","1","8","2","2",".225","14813"
"Rougned Odor","NYY","55","174","193","39","21","8","0","10","25","23","14","0","52","5","0","0","3","0","0",".224","12282"
"Curt Casali","SFG","44","116","135","26","14","7","1","4","13","18","17","3","37","2","0","0","1","0","0",".224","12510"
"Mitch Garver","MIN","41","116","135","26","10","8","0","8","17","17","19","0","45","0","0","0","3","0","0",".224","15161"
"Matt Chapman","OAK","92","322","378","72","47","11","3","11","42","42","46","0","116","2","8","0","5","1","0",".224","16505"
"Jake Lamb","CHW","31","85","99","19","12","2","0","5","16","10","13","0","28","1","0","0","2","0","0",".224","13329"
"Abraham Almonte","ATL","39","103","127","23","11","10","0","2","15","13","23","0","24","0","1","0","1","0","1",".223","5486"
"Lorenzo Cain","MIL","31","103","118","23","16","4","0","3","16","9","14","0","24","1","0","0","1","4","1",".223","9077"
"Cesar Hernandez","CLE","87","341","380","76","45","14","2","15","53","39","35","0","85","3","1","0","6","0","0",".223","10556"
"Anthony Bemboom","LAA","8","27","28","6","6","0","0","0","2","2","1","0","10","0","0","0","1","0","0",".222","13854"
"Austin Dean","STL","18","27","34","6","3","2","0","1","4","7","5","0","9","0","2","0","0","0","0",".222","18288"
"Luis Garcia","WSN","11","18","20","4","3","0","1","0","3","0","2","0","4","0","0","0","0","0","0",".222","20391"
"Joe Panik","- - -","55","149","163","33","24","6","0","3","12","13","13","1","23","0","1","0","4","2","0",".221","11936"
"Jason Castro","HOU","37","86","108","19","12","5","0","2","13","9","18","0","30","2","0","2","3","0","0",".221","8722"
"Didi Gregorius","PHI","45","163","179","36","22","6","0","8","19","27","10","1","34","3","3","0","3","3","0",".221","6012"
"Maikel Franco","BAL","77","290","309","64","37","18","0","9","27","42","17","0","50","1","1","0","8","0","0",".221","12179"
"Lewis Brinson","MIA","28","68","69","15","10","3","0","2","3","5","1","0","21","0","0","0","2","0","0",".221","14352"
"Victor Caratini","SDP","76","204","237","45","33","6","0","6","22","29","27","5","60","3","3","0","9","2","0",".221","14968"
"Aristides Aquino","CIN","27","50","59","11","3","2","1","5","7","8","9","1","21","0","0","0","0","1","2",".220","15482"
"Kurt Suzuki","LAA","44","132","150","29","23","4","0","2","10","7","8","0","31","7","1","2","4","0","0",".220","8259"
"Sean Murphy","OAK","77","255","292","56","28","16","0","12","31","44","24","0","74","10","3","0","6","0","0",".220","19352"
"Travis d'Arnaud","ATL","23","82","87","18","12","4","0","2","5","11","4","0","20","0","1","0","4","0","0",".220","7739"
"Niko Goodrum","DET","63","205","230","45","33","5","1","6","28","18","20","0","83","3","2","0","3","12","4",".220","12092"
"Jon Berti","MIA","81","224","259","49","34","10","1","4","34","19","30","0","58","2","2","1","7","8","4",".219","12037"
"Billy Hamilton","CHW","49","92","98","20","10","6","2","2","17","10","3","0","31","0","1","2","1","6","0",".217","10199"
"Luis Torrens","SEA","50","161","178","35","18","6","1","10","20","22","15","1","47","1","1","0","4","0","0",".217","15905"
"Austin Nola","SDP","18","46","59","10","7","2","0","1","4","11","8","0","3","4","1","0","0","0","0",".217","15941"
"Will Craig","PIT","18","60","65","13","10","2","0","1","5","3","5","1","22","0","0","0","1","0","0",".217","19267"
"Chad Pinder","OAK","46","134","145","29","16","10","0","3","16","13","8","0","40","2","1","0","4","0","0",".216","15191"
"Daniel Vogelbach","MIL","67","171","198","37","22","8","0","7","23","16","27","1","42","0","0","0","3","0","0",".216","14130"
"Wander Franco","TBR","18","74","80","16","10","2","1","3","11","8","6","0","19","0","0","0","0","2","1",".216","23667"
"Bobby Dalbec","BOS","75","250","266","54","31","10","3","10","25","36","12","0","99","3","1","0","2","1","0",".216","19966"
"David Dahl","TEX","53","176","187","38","25","9","0","4","18","14","7","0","49","1","2","1","3","2","1",".216","13744"
"Ender Inciarte","ATL","52","79","89","17","13","2","0","2","11","10","7","0","22","0","1","2","1","1","0",".215","4922"
"Jake Bauers","- - -","70","200","219","43","35","5","0","3","17","13","18","1","54","0","0","0","0","1","1",".215","15194"
"Gary Sanchez","NYY","72","238","279","51","25","10","0","16","36","36","37","3","76","4","0","0","10","0","0",".214","11442"
"Kevin Pillar","NYM","70","196","206","42","26","7","1","8","24","23","8","0","50","2","0","0","5","2","2",".214","12434"
"Tyler Wade","NYY","54","56","60","12","10","1","1","0","15","2","4","0","16","0","0","0","2","4","2",".214","15730"
"Willi Castro","DET","74","252","280","54","36","10","2","6","34","28","18","1","72","5","2","3","3","4","1",".214","17338"
"Rodolfo Castro","PIT","7","14","16","3","0","0","0","3","4","4","2","0","5","0","0","0","1","0","0",".214","21987"
"Max Kepler","MIN","58","206","236","44","20","11","3","10","31","35","26","1","52","2","2","0","2","7","0",".214","12144"
"Billy McKinney","- - -","79","183","202","39","20","9","2","8","24","20","18","1","55","0","1","0","2","2","0",".213","15654"
"Kyle Seager","SEA","92","343","382","73","39","16","1","17","33","52","33","1","99","3","3","0","4","2","1",".213","9785"
"Marcell Ozuna","ATL","48","188","208","40","27","6","0","7","21","26","19","0","46","1","0","0","6","0","0",".213","10324"
"Mike Freeman","CIN","27","47","53","10","10","0","0","0","4","3","5","1","15","1","0","0","1","1","1",".213","11241"
"Orlando Arcia","- - -","14","47","50","10","8","1","0","1","4","8","3","1","12","0","0","0","2","1","0",".213","13185"
"Ryan O'Hearn","KCR","39","127","133","27","19","2","0","6","14","13","6","0","41","0","0","0","3","0","0",".213","16442"
"Mason Williams","NYM","17","33","37","7","5","1","0","1","3","1","4","1","9","0","0","0","1","0","1",".212","11859"
"Nick Ahmed","ARI","82","264","289","56","36","16","2","2","27","17","22","1","70","2","0","1","6","5","2",".212","12147"
"Nomar Mazara","DET","50","165","181","35","25","5","2","3","12","19","15","0","45","0","1","0","4","0","0",".212","14553"
"Brandon Lowe","TBR","85","297","346","63","31","11","0","21","49","48","41","3","109","7","1","0","0","4","1",".212","18882"
"Phillip Evans","PIT","59","184","212","39","30","4","0","5","20","15","23","0","48","5","0","0","3","1","0",".212","12950"
"Austin Slater","SFG","77","189","209","40","27","3","1","9","23","22","19","0","65","1","0","0","5","8","2",".212","16153"
"Jorge Alfaro","MIA","49","156","167","33","26","4","0","3","10","10","7","0","56","4","0","0","4","4","0",".212","12180"
"Pablo Reyes","MIL","34","52","55","11","9","2","0","0","8","1","3","0","12","0","0","0","2","2","0",".212","16357"
"Kevin Newman","PIT","86","312","331","66","54","8","1","3","28","15","16","1","24","1","1","1","3","2","0",".212","17696"
"Shogo Akiyama","CIN","49","90","100","19","15","4","0","0","10","7","7","0","19","3","0","0","0","2","2",".211","27461"
"Jose Rojas","LAA","46","128","137","27","10","13","0","4","19","10","8","0","37","1","0","0","1","2","0",".211","19331"
"Luke Maile","MIL","8","19","22","4","3","1","0","0","1","1","2","0","6","1","0","0","0","0","0",".211","13355"
"Jason Vosler","SFG","31","57","64","12","5","4","0","3","11","8","6","1","12","1","0","0","3","2","0",".211","16686"
"Kelvin Gutierrez","- - -","44","152","160","32","25","4","2","1","9","9","7","0","38","1","0","0","3","0","1",".211","17468"
"Brock Holt","TEX","50","157","175","33","22","9","0","2","15","15","17","0","28","1","0","0","2","2","1",".210","9345"
"George Springer","TOR","23","81","95","17","10","1","0","6","13","12","13","0","25","0","0","0","0","2","0",".210","12856"
"Ha-seong Kim","SDP","75","191","209","40","25","8","2","5","18","25","12","0","48","4","2","0","4","5","1",".209","27506"
"Danny Mendick","CHW","51","115","135","24","19","3","0","2","13","18","16","0","33","2","1","1","1","0","1",".209","18889"
"D.J. Stewart","BAL","65","187","216","39","26","6","0","7","26","24","27","0","65","2","0","0","3","0","0",".209","17766"
"Jason Heyward","CHC","69","211","236","44","28","9","1","6","27","19","23","0","50","2","0","0","1","4","0",".209","4940"
"Jose Peraza","NYM","51","125","135","26","13","7","0","6","19","19","7","0","23","3","0","0","4","0","0",".208","13593"
"Michael Conforto","NYM","56","174","213","36","23","9","0","4","17","21","31","0","49","7","1","0","5","0","0",".207","16376"
"Daz Cameron","DET","18","58","63","12","7","2","0","3","10","9","5","0","19","0","0","0","2","4","0",".207","18353"
"Donovan Walton","SEA","22","63","69","13","8","2","1","2","6","7","4","0","15","0","0","2","1","1","0",".206","19314"
"Victor Robles","WSN","80","223","265","46","28","16","1","1","26","11","26","2","63","13","1","2","4","8","5",".206","18363"
"Kevan Smith","- - -","24","68","78","14","11","3","0","0","8","3","9","2","24","0","0","0","1","0","0",".206","12284"
"Marwin Gonzalez","BOS","70","219","246","45","29","14","0","2","23","18","17","0","61","8","1","1","5","3","1",".205","5497"
"Paul DeJong","STL","65","215","244","44","26","5","0","13","27","29","24","0","59","5","0","0","2","3","0",".205","18015"
"Gerardo Parra","WSN","20","44","48","9","4","3","0","2","5","6","3","0","14","1","0","0","2","0","0",".205","8553"
"William Contreras","ATL","44","142","158","29","18","3","1","7","16","21","13","1","50","2","1","0","2","0","0",".204","20503"
"Elias Diaz","COL","53","167","185","34","21","6","0","7","19","18","17","0","32","0","1","0","8","0","0",".204","11680"
"Chad Wallach","MIA","22","59","65","12","9","2","1","0","2","6","3","0","31","1","2","0","1","0","0",".203","17161"
"Adam Eaton","- - -","61","197","227","40","24","9","2","5","34","28","20","0","56","6","0","4","5","2","0",".203","11205"
"Gregory Polanco","PIT","72","228","261","46","28","8","1","9","24","23","28","2","75","0","5","0","4","9","0",".202","12907"
"Austin Barnes","LAD","48","129","152","26","17","6","0","3","16","15","18","1","38","4","0","1","5","0","0",".202","12158"
"David Bote","CHC","49","144","162","29","19","5","0","5","16","23","13","0","36","3","1","1","5","0","1",".201","14593"
"Wilson Ramos","DET","35","120","128","24","13","5","0","6","12","13","6","0","29","0","0","0","1","0","0",".200","1433"
"Ryan LaMarre","NYY","4","10","12","2","1","0","0","1","2","2","2","0","2","0","0","0","0","1","0",".200","10700"
"Stephen Piscotty","OAK","57","150","163","30","18","7","0","5","13","13","12","0","42","1","0","0","2","1","0",".200","13367"
"Alex Blandino","CIN","43","70","82","14","10","4","0","0","9","5","8","0","28","4","0","0","0","1","0",".200","16271"
"Aramis Garcia","OAK","31","85","91","17","14","1","0","2","7","6","1","0","27","3","0","2","3","0","0",".200","16925"
"Jorge Mateo","SDP","54","85","91","17","11","4","0","2","10","6","2","0","26","3","0","1","1","5","0",".200","17273"
"Michael Chavis","BOS","22","60","63","12","7","4","0","1","11","4","1","0","24","1","1","0","2","1","1",".200","17321"
"Tyler Nevin","BAL","2","5","6","1","0","1","0","0","0","0","1","0","2","0","0","0","0","0","0",".200","17893"
"Luis Barrera","OAK","4","5","5","1","1","0","0","0","0","0","0","0","2","0","0","0","0","0","0",".200","19615"
"Ronnie Dawson","HOU","3","5","6","1","1","0","0","0","2","0","1","0","0","0","0","0","1","0","0",".200","19710"
"Seth Brown","OAK","73","181","201","36","17","7","1","11","24","29","18","2","53","1","1","0","1","2","0",".199","18171"
"Rowdy Tellez","- - -","57","151","167","30","21","4","1","4","13","9","12","1","37","4","0","0","3","0","0",".199","15679"
"Matt Carpenter","STL","79","141","168","28","16","8","1","3","13","20","21","1","51","5","1","0","0","1","0",".199","8090"
"Miguel Sano","MIN","69","232","260","46","22","9","0","15","31","35","26","0","94","1","1","0","5","0","0",".198","12164"
"Mike Zunino","TBR","64","193","221","38","13","6","0","19","35","38","22","0","83","5","1","0","3","0","0",".197","13265"
"Zack Short","DET","22","61","79","12","7","2","0","3","11","10","15","0","31","0","3","0","1","1","0",".197","19562"
"Kyle Higashioka","NYY","37","97","108","19","8","5","0","6","12","12","11","0","31","0","0","0","2","0","0",".196","5517"
"Brett Phillips","TBR","74","164","192","32","20","7","1","4","28","19","24","0","76","1","1","2","1","11","3",".195","14735"
"Aaron Hicks","NYY","32","108","126","21","14","3","0","4","13","14","14","0","30","2","2","0","3","0","0",".194","5297"
"Jose Rondon","STL","26","36","41","7","7","0","0","0","5","2","4","0","7","0","1","0","1","1","0",".194","14140"
"Isaac Paredes","DET","13","36","44","7","5","0","1","1","3","4","6","1","5","0","2","0","4","0","0",".194","20036"
"Pablo Sandoval","ATL","62","67","79","13","9","0","0","4","10","11","10","0","22","2","0","0","2","0","0",".194","5409"
"Shed Long Jr.","SEA","27","93","99","18","9","4","1","4","12","16","5","0","28","0","0","1","3","0","0",".194","16542"
"Eli White","TEX","52","161","176","31","21","4","1","5","24","14","12","0","50","3","0","0","2","3","2",".193","19346"
"Hunter Dozier","KCR","76","265","290","51","24","17","2","8","27","26","22","0","84","2","1","0","8","1","1",".192","15117"
"Austin Wynns","BAL","16","52","55","10","6","2","0","2","7","8","3","0","15","0","0","0","3","0","0",".192","15271"
"DJ Peters","LAD","18","26","34","5","2","2","0","1","5","4","8","4","14","0","0","0","0","0","0",".192","19348"
"Ryan McKenna","BAL","45","68","80","13","11","1","1","0","12","4","11","0","27","0","0","1","0","1","0",".191","19928"
"Travis Shaw","MIL","56","178","202","34","20","8","0","6","15","28","19","0","51","3","1","1","2","0","0",".191","11982"
"Brett Gardner","NYY","78","199","242","38","25","8","2","3","23","13","33","0","57","2","4","4","0","1","0",".191","9927"
"Tom Murphy","SEA","56","168","192","32","18","7","0","7","21","20","19","0","66","1","2","0","3","0","0",".190","13499"
"Garrett Stubbs","HOU","8","21","24","4","3","1","0","0","1","2","1","0","4","0","0","2","0","0","0",".190","18067"
"Adam Haseley","PHI","9","21","21","4","3","1","0","0","2","0","0","0","4","0","0","0","0","0","0",".190","19878"
"Dylan Moore","SEA","69","216","243","41","22","10","1","8","26","28","23","0","77","3","1","0","5","14","3",".190","18042"
"Yasmani Grandal","CHW","63","181","246","34","17","3","0","14","42","38","60","0","64","1","3","1","10","0","0",".188","11368"
"Pat Valaika","BAL","60","155","170","29","23","5","0","1","9","13","12","0","45","1","1","1","1","1","1",".187","14885"
"Sam Haggerty","SEA","35","86","94","16","11","3","0","2","15","5","6","0","28","1","0","1","1","5","1",".186","18054"
"Ernie Clement","CLE","16","43","47","8","7","1","0","0","7","1","2","0","7","1","0","1","2","0","0",".186","20352"
"Clint Frazier","NYY","66","183","218","34","20","9","0","5","20","15","32","0","65","3","0","0","8","2","0",".186","15983"
"Andy Ibanez","TEX","26","81","85","15","11","3","0","1","4","6","3","0","12","0","1","0","3","0","0",".185","18819"
"Jorge Soler","KCR","85","278","324","51","29","15","0","7","29","30","32","0","91","5","3","0","9","0","0",".183","14221"
"Mike Tauchman","- - -","66","159","183","29","20","5","0","4","20","15","22","0","53","1","0","1","0","3","3",".182","15274"
"Wilfredo Tovar","NYM","6","11","12","2","2","0","0","0","0","1","1","0","4","0","0","0","0","0","0",".182","10416"
"Brandon Drury","NYM","24","44","46","8","6","0","0","2","2","6","2","0","13","0","0","0","1","0","0",".182","11615"
"Cam Gallagher","KCR","24","55","61","10","8","2","0","0","3","1","3","0","11","0","1","1","1","0","0",".182","12981"
"Mark Payton","CIN","24","22","24","4","4","0","0","0","2","0","2","0","7","0","0","0","0","0","0",".182","16042"
"Daniel Johnson Jr.","CLE","8","22","23","4","3","0","0","1","3","1","1","0","9","0","0","0","0","0","0",".182","19643"
"Mike Brosseau","TBR","55","143","162","26","14","8","0","4","20","17","15","0","53","2","2","0","1","2","0",".182","19683"
"Tucupita Marcano","SDP","25","44","50","8","7","1","0","0","7","3","6","0","9","0","0","0","2","0","1",".182","22871"
"Ian Happ","CHC","80","238","278","43","27","7","0","9","27","23","35","0","82","3","0","2","8","1","1",".181","17919"
"Luke Raley","LAD","27","50","56","9","7","1","0","1","3","2","2","1","20","4","0","0","1","0","0",".180","19354"
"Tim Locastro","- - -","64","139","156","25","19","4","0","2","15","7","7","0","33","9","1","0","2","5","3",".180","15124"
"Josh VanMeter","ARI","56","117","136","21","12","6","1","2","12","13","17","0","41","1","1","0","1","0","0",".179","15170"
"Andres Gimenez","CLE","29","78","85","14","8","4","0","2","10","5","3","0","25","2","1","1","1","4","0",".179","19950"
"Franchy Cordero","BOS","34","95","102","17","10","6","0","1","9","9","6","0","37","0","0","1","0","1","0",".179","14567"
"Ryan Jeffers","MIN","38","123","139","22","12","3","1","6","12","16","16","0","48","0","0","0","4","0","0",".179","24618"
"Andrew Knizner","STL","36","90","101","16","12","4","0","0","11","2","9","1","21","2","0","0","3","0","0",".178","19514"
"Jack Mayfield","- - -","22","51","55","9","6","2","0","1","5","4","2","0","14","1","0","1","2","0","0",".176","15402"
"Yu-Cheng Chang","CLE","49","108","114","19","11","6","0","2","12","14","5","0","30","0","1","0","2","1","0",".176","14773"
"Taylor Jones","HOU","21","57","62","10","7","3","0","0","4","5","4","0","17","0","1","0","4","0","0",".175","19533"
"Kean Wong","LAA","19","40","44","7","4","2","1","0","2","5","1","0","11","0","0","3","0","0","1",".175","15994"
"Jordan Luplow","CLE","36","98","121","17","5","5","0","7","12","20","21","0","31","2","0","0","1","0","2",".173","16424"
"Jackie Bradley Jr.","MIL","85","277","311","48","31","8","3","6","27","26","23","0","92","8","3","0","5","6","1",".173","12984"
"Roman Quinn","PHI","28","52","62","9","5","2","2","0","8","2","6","0","19","4","0","0","0","4","3",".173","13546"
"Sergio Alcantara","CHC","36","81","93","14","6","3","3","2","11","4","9","0","28","1","1","1","1","1","0",".173","16417"
"Eugenio Suarez","CIN","89","330","372","57","29","10","0","18","43","52","33","0","112","6","3","0","8","0","1",".173","12552"
"Sheldon Neuse","LAD","28","58","59","10","6","1","0","3","6","4","1","0","22","0","0","0","1","0","1",".172","19635"
"Danny Jansen","TOR","48","122","137","21","12","4","0","5","16","10","12","0","35","2","0","1","3","0","0",".172","16535"
"Matt Adams","COL","21","35","39","6","5","1","0","0","3","2","4","1","8","0","0","0","1","0","0",".171","9393"
"Dustin Fowler","PIT","18","41","46","7","6","1","0","0","3","2","3","0","20","1","1","0","0","1","0",".171","17098"
"Roberto Perez","CLE","26","88","101","15","7","2","0","6","10","15","11","0","34","1","0","1","1","1","0",".170","2900"
"JaCoby Jones","DET","36","100","105","17","13","2","0","2","9","9","5","0","42","0","0","0","2","2","2",".170","14818"
"Martin Maldonado","HOU","67","219","245","37","24","6","1","6","23","22","22","0","78","4","0","0","6","0","0",".169","6887"
"Dom Nunez","COL","53","154","178","26","10","9","2","5","21","21","23","4","66","0","1","0","0","0","0",".169","15055"
"Andrew Knapp","PHI","45","101","112","17","13","2","0","2","9","11","9","0","38","0","1","1","1","0","0",".168","14942"
"Cody Bellinger","LAD","37","131","155","22","16","1","1","4","21","19","22","1","43","0","2","0","1","2","0",".168","15998"
"Alex Avila","WSN","24","66","85","11","4","6","1","0","4","6","17","1","30","1","0","1","2","0","0",".167","7476"
"Danny Santana","BOS","31","96","104","16","11","1","1","3","10","10","7","0","25","1","0","0","0","3","1",".167","10322"
"John Andreoli","SDP","7","6","7","1","0","1","0","0","2","0","1","0","3","0","0","0","0","0","0",".167","13012"
"Rio Ruiz","BAL","32","90","101","15","9","3","0","3","10","6","9","0","29","1","0","1","3","2","0",".167","14103"
"Jake Cave","MIN","31","84","93","14","8","5","0","1","8","2","6","0","35","2","0","1","0","1","0",".167","14477"
"Luis Marte","MIA","4","6","7","1","1","0","0","0","2","0","1","0","2","0","0","0","0","0","0",".167","14515"
"Stevie Wilkerson","BAL","31","72","76","12","9","3","0","0","5","2","3","0","30","1","0","0","0","2","0",".167","16041"
"Ryan McBroom","KCR","5","6","7","1","1","0","0","0","1","0","1","0","5","0","0","0","0","0","0",".167","16524"
"Brian O'Grady","SDP","24","42","51","7","3","3","0","1","7","7","7","0","14","0","1","1","1","0","0",".167","16729"
"Austin Allen","OAK","2","6","6","1","0","0","0","1","1","1","0","0","2","0","0","0","0","0","0",".167","18083"
"Keston Hiura","MIL","55","162","186","27","13","9","1","4","16","18","14","0","72","7","1","2","6","2","0",".167","20003"
"Jarren Duran","BOS","2","6","7","1","1","0","0","0","1","0","1","0","3","0","0","0","0","0","0",".167","24617"
"Sandy Leon","MIA","50","139","150","23","18","3","0","2","8","8","7","0","42","2","2","0","1","0","0",".165","5273"
"Daniel Robertson","MIL","50","73","90","12","8","2","0","2","10","4","12","1","28","3","1","1","1","0","0",".164","14145"
"Jose Godoy","SEA","16","37","40","6","5","1","0","0","2","3","3","0","14","0","0","0","2","0","0",".162","15808"
"Taylor Trammell","SEA","51","156","178","25","10","7","0","8","23","18","17","0","75","3","0","2","1","2","3",".160","19960"
"Steven Souza Jr.","LAD","13","25","28","4","2","0","1","1","2","2","2","0","10","1","0","0","1","0","0",".160","5667"
"Justin Williams","STL","51","119","137","19","15","0","0","4","10","11","17","5","46","1","0","0","2","0","1",".160","15490"
"Austin Hedges","CLE","45","138","151","22","17","1","0","4","12","13","8","1","50","1","1","3","2","0","0",".159","12976"
"Khris Davis","TEX","22","51","61","8","4","1","1","2","8","5","8","0","16","0","2","0","2","0","0",".157","9112"
"Victor Reyes","DET","28","83","86","13","7","4","1","1","9","4","3","0","25","0","0","0","1","2","0",".157","15487"
"Luis Rengifo","LAA","24","77","82","12","9","1","0","2","10","6","3","0","17","1","0","1","1","0","0",".156","19858"
"Jason Martin","TEX","25","45","51","7","6","0","0","1","2","4","6","0","18","0","0","0","1","2","1",".156","16429"
"Yoshi Tsutsugo","- - -","38","103","118","16","12","4","0","0","7","7","14","0","39","0","0","1","1","0","0",".155","27459"
"Robel Garcia","HOU","37","84","93","13","9","3","0","1","6","8","6","0","35","1","1","1","2","0","0",".155","13167"
"Chance Sisco","BAL","23","65","73","10","8","2","0","0","4","3","6","0","18","2","0","0","0","0","0",".154","15694"
"Seby Zavala","CHW","4","13","16","2","0","2","0","0","1","0","0","0","6","1","0","2","0","0","0",".154","18887"
"Lars Nootbaar","STL","11","26","30","4","3","0","1","0","2","3","3","0","4","0","1","0","0","0","0",".154","21454"
"Isan Diaz","MIA","39","106","129","16","11","3","0","2","6","10","20","3","37","1","2","0","0","0","0",".151","17922"
"Frank Schwindel","OAK","8","20","20","3","1","1","0","1","2","3","0","0","5","0","0","0","0","0","0",".150","15351"
"Jacob Nottingham","- - -","15","40","45","6","2","1","0","3","5","6","2","0","20","2","1","0","0","0","0",".150","16448"
"Renato Nunez","DET","7","27","29","4","0","2","0","2","5","3","1","0","8","1","0","0","1","0","0",".148","14503"
"Scott Schebler","LAA","14","34","34","5","2","3","0","0","3","0","0","0","17","0","0","0","0","0","0",".147","12225"
"Domingo Leyba","- - -","27","68","76","10","8","1","0","1","6","4","7","0","19","1","0","0","2","0","0",".147","16404"
"Gilberto Celestino","MIN","17","48","50","7","3","2","0","2","6","2","2","0","9","0","0","0","2","0","0",".146","20233"
"Daulton Varsho","ARI","38","90","105","13","9","3","0","1","9","7","15","1","26","0","0","0","1","3","0",".144","19918"
"Evan White","SEA","30","97","104","14","9","3","0","2","8","9","6","0","31","1","0","0","1","0","0",".144","20078"
"Michael Perez","PIT","41","118","130","17","7","4","0","6","11","13","10","1","38","2","0","0","2","0","0",".144","12977"
"Jonathan Davis","TOR","50","70","85","10","8","1","0","1","16","4","11","0","21","3","1","0","1","4","1",".143","15104"
"Monte Harrison","MIA","8","7","8","1","1","0","0","0","0","0","0","0","3","0","0","1","0","0","1",".143","17216"
"Cole Tucker","PIT","13","21","22","3","2","1","0","0","1","1","1","0","5","0","0","0","1","0","1",".143","17326"
"Sam Hilliard","COL","23","42","44","6","2","1","1","2","6","4","2","1","20","0","0","0","0","0","0",".143","17954"
"Nick Heath","ARI","20","35","39","5","4","1","0","0","3","1","4","1","15","0","0","0","0","0","2",".143","19577"
"Keibert Ruiz","LAD","6","7","7","1","0","0","0","1","1","1","0","0","5","0","0","0","0","0","0",".143","19610"
"Jared Oliva","PIT","13","28","31","4","2","2","0","0","3","1","3","1","8","0","0","0","0","2","0",".143","19968"
"Jose Marmolejos","SEA","31","79","94","11","6","2","0","3","8","9","14","0","32","0","1","0","0","0","0",".139","15767"
"Ka'ai Tom","- - -","48","108","133","15","10","2","1","2","10","12","17","1","36","5","3","0","1","1","0",".139","18136"
"Ildemaro Vargas","- - -","25","51","55","7","5","2","0","0","5","6","4","0","13","0","0","0","1","1","0",".137","13324"
"Mike Ford","NYY","22","60","72","8","5","0","0","3","6","5","11","1","23","1","0","0","1","0","0",".133","15585"
"Ben Rortvedt","MIN","29","70","78","9","6","1","0","2","5","5","5","0","24","1","0","2","2","0","0",".129","20287"
"Bryan Holaday","ARI","3","8","8","1","1","0","0","0","1","0","0","0","4","0","0","0","0","0","0",".125","11287"
"Tony Wolters","CHC","14","24","30","3","3","0","0","0","3","0","5","0","12","0","0","1","1","0","1",".125","11470"
"Jake Hager","NYM","5","8","8","1","1","0","0","0","1","0","0","0","3","0","0","0","0","0","0",".125","12198"
"Dillon Thomas","SEA","3","8","8","1","1","0","0","0","2","2","0","0","6","0","0","0","0","0","0",".125","12719"
"Tim Lopes","MIL","5","8","9","1","1","0","0","0","1","0","1","0","4","0","0","0","0","0","1",".125","14137"
"Stuart Fairchild","ARI","7","8","8","1","1","0","0","0","2","0","0","0","2","0","0","0","1","0","0",".125","20321"
"Manny Pina","MIL","44","98","115","12","5","2","0","5","10","10","14","0","21","2","1","0","3","0","0",".122","2829"
"Mickey Moniak","PHI","11","25","28","3","2","0","0","1","3","3","3","1","12","0","0","0","0","0","0",".120","19956"
"Wyatt Mathisen","ARI","23","42","51","5","4","0","0","1","3","8","5","0","21","3","1","0","0","0","0",".119","14555"
"Jay Bruce","NYY","10","34","39","4","2","1","0","1","3","3","5","0","13","0","0","0","2","0","0",".118","9892"
"Lewin Diaz","MIA","11","17","17","2","0","0","0","2","3","3","0","0","6","0","0","0","0","0","0",".118","18365"
"Jarred Kelenic","SEA","26","96","105","11","7","2","0","2","7","6","8","0","32","1","0","0","0","3","0",".115","22558"
"Austin Romine","CHC","6","9","9","1","0","1","0","0","1","1","0","0","3","0","0","0","0","0","0",".111","5491"
"Troy Stokes Jr.","PIT","8","18","20","2","1","1","0","0","2","2","1","0","5","1","0","0","0","1","0",".111","17478"
"Jaylin Davis","SFG","5","9","9","1","0","1","0","0","1","0","0","0","1","0","0","0","1","0","0",".111","19552"
"Cristian Pache","ATL","22","63","68","7","3","3","0","1","6","4","2","0","25","1","0","2","1","0","0",".111","19948"
"Sebastian Rivero","KCR","8","18","22","2","1","1","0","0","1","2","3","0","9","1","0","0","1","0","0",".111","21735"
"Chris Gittens","NYY","13","28","35","3","2","0","0","1","1","5","6","0","11","0","1","0","0","0","0",".107","18482"
"Riley Adams","TOR","12","28","30","3","1","2","0","0","2","0","2","0","12","0","0","0","1","0","0",".107","19864"
"Skye Bolt","- - -","25","47","49","5","3","1","0","1","2","3","0","0","11","0","0","2","0","1","0",".106","17723"
"Owen Miller","CLE","18","47","50","5","4","1","0","0","2","1","3","0","24","0","0","0","1","0","0",".106","24655"
"Lane Thomas","STL","32","48","58","5","4","1","0","0","2","1","10","1","17","0","0","0","1","2","1",".104","16939"
"Brent Rooker","MIN","8","29","30","3","1","1","0","1","1","2","1","0","13","0","0","0","0","0","0",".103","19627"
"Matt Joyce","PHI","36","50","62","5","2","1","0","2","5","6","10","2","14","1","1","0","2","0","0",".100","3353"
"Scott Heineman","CIN","19","30","34","3","1","0","0","2","5","3","3","0","15","1","0","0","1","0","0",".100","14453"
"Geraldo Perdomo","ARI","4","10","13","1","1","0","0","0","1","0","3","1","2","0","0","0","0","0","0",".100","22799"
"Drew Butera","LAA","12","32","36","3","2","1","0","0","1","5","0","0","16","0","1","3","0","0","0",".094","3411"
"Luis Campusano","SDP","11","34","38","3","3","0","0","0","0","1","4","0","11","0","0","0","2","0","0",".088","22217"
"Leody Taveras","TEX","15","46","50","4","4","0","0","0","2","1","3","0","23","1","0","0","1","2","0",".087","18900"
"Todd Frazier","PIT","13","35","40","3","2","1","0","0","3","4","3","0","6","2","0","0","1","0","0",".086","785"
"Nick Martini","CHC","12","12","15","1","1","0","0","0","2","1","2","0","3","0","1","0","0","0","0",".083","12005"
"Anthony Alford","PIT","11","24","29","2","2","0","0","0","2","0","4","0","16","1","0","0","1","1","1",".083","14329"
"Kevin Padlo","TBR","9","12","14","1","0","1","0","0","1","0","2","0","8","0","0","0","0","0","0",".083","16593"
"Edwin Rios","LAD","25","51","60","4","3","0","0","1","4","1","7","0","18","2","0","0","3","0","0",".078","18316"
"Albert Almora Jr.","NYM","32","40","41","3","1","2","0","0","1","0","1","0","15","0","0","0","1","0","0",".075","14109"
"Vidal Brujan","TBR","7","15","15","1","1","0","0","0","1","1","0","0","5","0","0","0","0","1","0",".067","20536"
"Ronald Guzman","TEX","7","16","17","1","0","0","0","1","1","1","1","0","6","0","0","0","0","0","0",".063","14388"
"Max Moroff","STL","6","16","16","1","1","0","0","0","0","1","0","0","10","0","0","0","0","0","0",".063","14556"
"Anderson Tejeda","TEX","5","16","17","1","1","0","0","0","1","0","1","0","10","0","0","0","0","1","0",".063","19909"
"Khalil Lee","NYM","11","18","18","1","0","1","0","0","2","1","0","0","13","0","0","0","0","0","0",".056","19952"
"Hernan Perez","WSN","10","19","21","1","1","0","0","0","1","0","2","0","10","0","0","0","0","0","0",".053","5751"
"Scott Kingery","PHI","15","19","19","1","1","0","0","0","1","0","0","0","12","0","0","0","0","0","0",".053","17975"
"Vimael Machin","OAK","10","21","23","1","1","0","0","0","1","1","2","0","7","0","0","0","2","0","0",".048","17684"
"Alex Jackson","ATL","10","23","28","1","1","0","0","0","2","0","2","1","13","3","0","0","0","0","0",".043","17276"
"P.J. Higgins","CHC","9","23","25","1","1","0","0","0","1","0","2","0","8","0","0","0","2","0","0",".043","18433"
"Cameron Maybin","NYM","9","28","33","1","1","0","0","0","2","0","3","0","12","2","0","0","0","1","0",".036","5223"
"Jeff Mathis","ATL","3","9","9","0","0","0","0","0","0","0","0","0","5","0","0","0","0","0","0",".000","3448"
"Jose Lobaton","CHC","6","11","13","0","0","0","0","0","1","0","2","0","5","0","0","0","0","0","0",".000","4243"
"Sean Kazmar","ATL","3","2","2","0","0","0","0","0","0","0","0","0","0","0","0","0","1","0","0",".000","7349"
"Jared Hoying","TOR","2","3","3","0","0","0","0","0","0","0","0","0","1","0","0","0","0","0","0",".000","10882"
"Breyvic Valera","TOR","1","1","1","0","0","0","0","0","0","0","0","0","1","0","0","0","0","0","0",".000","12758"
"Jacob Wilson","OAK","2","3","3","0","0","0","0","0","0","0","0","0","0","0","0","0","0","0","0",".000","13254"
"Deven Marrero","MIA","1","3","3","0","0","0","0","0","0","0","0","0","0","0","0","0","1","0","0",".000","13325"
"Humberto Arteaga","WSN","1","3","4","0","0","0","0","0","0","1","0","0","0","0","1","0","0","0","0",".000","13595"
"Nick Williams","CHW","4","10","13","0","0","0","0","0","2","0","1","0","4","2","0","0","1","0","0",".000","14330"
"Tzu-Wei Lin","MIN","1","0","0","0","0","0","0","0","0","0","0","0","0","0","0","0","0","0","0",".000","14678"
"Johan Camargo","ATL","15","16","18","0","0","0","0","0","1","0","2","0","6","0","0","0","0","0","0",".000","14950"
"Joseph Odom","TBR","2","2","2","0","0","0","0","0","0","0","0","0","1","0","0","0","0","0","0",".000","15535"
"Taylor Gushue","CHC","2","4","4","0","0","0","0","0","0","0","0","0","3","0","0","0","0","0","0",".000","16098"
"Hoy Jun Park","NYY","1","1","1","0","0","0","0","0","0","0","0","0","0","0","0","0","0","0","0",".000","18027"
"Trey Amburgey","NYY","2","4","4","0","0","0","0","0","0","0","0","0","2","0","0","0","1","0","0",".000","18425"
"Corey Ray","MIL","1","2","3","0","0","0","0","0","1","0","1","0","1","0","0","0","0","0","0",".000","19170"
"Jack Kruger","LAA","1","0","0","0","0","0","0","0","0","0","0","0","0","0","0","0","0","0","0",".000","19634"
"Zach Reks","LAD","3","4","4","0","0","0","0","0","2","0","0","0","2","0","0","0","0","0","0",".000","19667"
"Carter Kieboom","WSN","2","1","2","0","0","0","0","0","0","0","1","0","1","0","0","0","0","0","0",".000","19958"
"Hunter Owen","PIT","3","4","5","0","0","0","0","0","0","0","0","0","3","1","0","0","0","0","0",".000","20034"
"Brandon Marsh","LAA","1","4","4","0","0","0","0","0","0","0","0","0","2","0","0","0","0","0","0",".000","20202"
"Mario Feliciano","MIL","1","0","1","0","0","0","0","0","1","0","1","0","0","0","0","0","0","0","0",".000","20263"
"Scott Hurst","STL","7","5","5","0","0","0","0","0","0","0","0","0","1","0","0","0","0","0","0",".000","20501"
"Cal Raleigh","SEA","3","12","12","0","0","0","0","0","0","0","0","0","4","0","0","0","0","0","0",".000","21534"
"Cody Wilson","WSN","1","1","1","0","0","0","0","0","0","0","0","0","0","0","0","0","0","0","0",".000","24671"
